1,0.00500043344,0.0015,0.00025
2,0.00500043344,0.00135000002,0.00025
3,0.00500043344,0.0012000000500000001,0.00025
4,0.00500043344,0.00104999995,0.00025
5,0.00500043344,0.000899999976,0.00025
6,0.00500043344,0.00075,0.00025
7,0.00500043344,0.000600000024,0.00025
8,0.00500043344,0.000449999988,0.00025
9,0.00500043344,0.000300000012,0.00025
10,0.00500043344,0.000150000006,0.00025
11,0.00500043344,0.0,0.00025
12,0.00500043344,0.0015,0.000125
13,0.00500043344,0.00135000002,0.000125
14,0.00500043344,0.0012000000500000001,0.000125
15,0.00500043344,0.00104999995,0.000125
16,0.00500043344,0.000899999976,0.000125
17,0.00500043344,0.00075,0.000125
18,0.00500043344,0.000600000024,0.000125
19,0.00500043344,0.000449999988,0.000125
20,0.00500043344,0.000300000012,0.000125
21,0.00500043344,0.000150000006,0.000125
22,0.00500043344,0.0,0.000125
23,0.00500043344,0.0015,0.0
24,0.00500043344,0.00135000002,0.0
25,0.00500043344,0.0012000000500000001,0.0
26,0.00500043344,0.00104999995,0.0
27,0.00500043344,0.000899999976,0.0
28,0.00500043344,0.00075,0.0
29,0.00500043344,0.000600000024,0.0
30,0.00500043344,0.000449999988,0.0
31,0.00500043344,0.000300000012,0.0
32,0.00500043344,0.000150000006,0.0
33,0.00500043344,0.0,0.0
34,0.00475043297,0.0015,0.00025
35,0.00475043344,0.00135000002,0.00025
36,0.00475043297,0.0012000000500000001,0.00025
37,0.00475043344,0.00104999995,0.00025
38,0.00475043297,0.000899999976,0.00025
39,0.00475043344,0.00075,0.00025
40,0.00475043344,0.000600000024,0.00025
41,0.00475043344,0.000449999988,0.00025
42,0.00475043344,0.000300000012,0.00025
43,0.00475043344,0.000150000006,0.00025
44,0.00475043344,0.0,0.00025
45,0.00475043344,0.0015,0.000125
46,0.00475043344,0.00135000002,0.000125
47,0.00475043297,0.0012000000500000001,0.000125
48,0.00475043344,0.00104999995,0.000125
49,0.00475043297,0.000899999976,0.000125
50,0.00475043344,0.00075,0.000125
51,0.00475043344,0.000600000024,0.000125
52,0.00475043344,0.000449999988,0.000125
53,0.00475043344,0.000300000012,0.000125
54,0.00475043344,0.000150000006,0.000125
55,0.00475043344,0.0,0.000125
56,0.00475043297,0.0015,0.0
57,0.00475043344,0.00135000002,0.0
58,0.00475043297,0.0012000000500000001,0.0
59,0.00475043344,0.00104999995,0.0
60,0.00475043297,0.000899999976,0.0
61,0.00475043344,0.00075,0.0
62,0.00475043344,0.000600000024,0.0
63,0.00475043344,0.000449999988,0.0
64,0.00475043344,0.000300000012,0.0
65,0.00475043344,0.000150000006,0.0
66,0.00475043344,0.0,0.0
67,0.00450043297,0.0015,0.00025
68,0.00450043297,0.00135000002,0.00025
69,0.00450043344,0.0012000000500000001,0.00025
70,0.00450043297,0.00104999995,0.00025
71,0.00450043297,0.000899999976,0.00025
72,0.00450043297,0.00075,0.00025
73,0.00450043344,0.000600000024,0.00025
74,0.00450043344,0.000449999988,0.00025
75,0.00450043344,0.000300000012,0.00025
76,0.00450043297,0.000150000006,0.00025
77,0.00450043344,0.0,0.00025
78,0.00450043297,0.0015,0.000125
79,0.00450043297,0.00135000002,0.000125
80,0.00450043344,0.0012000000500000001,0.000125
81,0.00450043297,0.00104999995,0.000125
82,0.00450043297,0.000899999976,0.000125
83,0.00450043297,0.00075,0.000125
84,0.00450043344,0.000600000024,0.000125
85,0.00450043344,0.000449999988,0.000125
86,0.00450043344,0.000300000012,0.000125
87,0.00450043297,0.000150000006,0.000125
88,0.00450043344,0.0,0.000125
89,0.00450043297,0.0015,0.0
90,0.00450043297,0.00135000002,0.0
91,0.00450043344,0.0012000000500000001,0.0
92,0.00450043297,0.00104999995,0.0
93,0.00450043297,0.000899999976,0.0
94,0.00450043297,0.00075,0.0
95,0.00450043344,0.000600000024,0.0
96,0.00450043344,0.000449999988,0.0
97,0.00450043344,0.000300000012,0.0
98,0.00450043297,0.000150000006,0.0
99,0.00450043344,0.0,0.0
100,0.004250432970000001,0.0015,0.00025
101,0.004250432970000001,0.00135000002,0.00025
102,0.004250432970000001,0.0012000000500000001,0.00025
103,0.004250432970000001,0.00104999995,0.00025
104,0.004250432970000001,0.000899999976,0.00025
105,0.004250432970000001,0.00075,0.00025
106,0.004250432970000001,0.000600000024,0.00025
107,0.004250432970000001,0.000449999988,0.00025
108,0.004250432970000001,0.000300000012,0.00025
109,0.004250432970000001,0.000150000006,0.00025
110,0.0042504334400000005,0.0,0.00025
111,0.004250432970000001,0.0015,0.000125
112,0.004250432970000001,0.00135000002,0.000125
113,0.00425043249,0.0012000000500000001,0.000125
114,0.00425043249,0.00104999995,0.000125
115,0.00425043249,0.000899999976,0.000125
116,0.00425043249,0.00075,0.000125
117,0.00425043249,0.000600000024,0.000125
118,0.00425043249,0.000449999988,0.000125
119,0.00425043249,0.000300000012,0.000125
120,0.00425043249,0.000150000006,0.000125
121,0.004250432970000001,0.0,0.000125
122,0.004250432970000001,0.0015,0.0
123,0.004250432970000001,0.00135000002,0.0
124,0.004250432970000001,0.0012000000500000001,0.0
125,0.004250432970000001,0.00104999995,0.0
126,0.004250432970000001,0.000899999976,0.0
127,0.004250432970000001,0.00075,0.0
128,0.004250432970000001,0.000600000024,0.0
129,0.004250432970000001,0.000449999988,0.0
130,0.004250432970000001,0.000300000012,0.0
131,0.004250432970000001,0.000150000006,0.0
132,0.0042504334400000005,0.0,0.0
133,0.00400043297,0.0015,0.00025
134,0.00400043344,0.00135000002,0.00025
135,0.00400043297,0.0012000000500000001,0.00025
136,0.00400043344,0.00104999995,0.00025
137,0.00400043344,0.000899999976,0.00025
138,0.00400043344,0.00075,0.00025
139,0.00400043344,0.000600000024,0.00025
140,0.00400043344,0.000449999988,0.00025
141,0.00400043344,0.000300000012,0.00025
142,0.00400043297,0.000150000006,0.00025
143,0.00400043344,0.0,0.00025
144,0.00400043344,0.0015,0.000125
145,0.00400043392,0.00135000002,0.000125
146,0.00400043297,0.0012000000500000001,0.000125
147,0.00400043344,0.00104999995,0.000125
148,0.00400043344,0.000899999976,0.000125
149,0.00400043344,0.00075,0.000125
150,0.00400043344,0.000600000024,0.000125
151,0.00400043344,0.000449999988,0.000125
152,0.00400043344,0.000300000012,0.000125
153,0.00400043297,0.000150000006,0.000125
154,0.00400043344,0.0,0.000125
155,0.00400043297,0.0015,0.0
156,0.00400043344,0.00135000002,0.0
157,0.00400043297,0.0012000000500000001,0.0
158,0.00400043344,0.00104999995,0.0
159,0.00400043344,0.000899999976,0.0
160,0.00400043344,0.00075,0.0
161,0.00400043344,0.000600000024,0.0
162,0.00400043344,0.000449999988,0.0
163,0.00400043344,0.000300000012,0.0
164,0.00400043297,0.000150000006,0.0
165,0.00400043344,0.0,0.0
166,0.00375043321,0.0015,0.00025
167,0.00375043321,0.00135000002,0.00025
168,0.00375043321,0.0012000000500000001,0.00025
169,0.00375043321,0.00104999995,0.00025
170,0.00375043321,0.000899999976,0.00025
171,0.00375043321,0.00075,0.00025
172,0.00375043321,0.000600000024,0.00025
173,0.00375043321,0.000449999988,0.00025
174,0.00375043321,0.000300000012,0.00025
175,0.00375043321,0.000150000006,0.00025
176,0.00375043321,0.0,0.00025
177,0.00375043321,0.0015,0.000125
178,0.0037504329699999998,0.00135000002,0.000125
179,0.0037504329699999998,0.0012000000500000001,0.000125
180,0.0037504329699999998,0.00104999995,0.000125
181,0.00375043321,0.000899999976,0.000125
182,0.00375043321,0.00075,0.000125
183,0.00375043321,0.000600000024,0.000125
184,0.00375043321,0.000449999988,0.000125
185,0.00375043321,0.000300000012,0.000125
186,0.00375043321,0.000150000006,0.000125
187,0.00375043321,0.0,0.000125
188,0.00375043321,0.0015,0.0
189,0.00375043321,0.00135000002,0.0
190,0.00375043321,0.0012000000500000001,0.0
191,0.00375043321,0.00104999995,0.0
192,0.00375043321,0.000899999976,0.0
193,0.00375043321,0.00075,0.0
194,0.00375043321,0.000600000024,0.0
195,0.00375043321,0.000449999988,0.0
196,0.00375043321,0.000300000012,0.0
197,0.00375043321,0.000150000006,0.0
198,0.00375043321,0.0,0.0
199,0.0035004332100000003,0.0015,0.00025
200,0.0035004332100000003,0.00135000002,0.00025
201,0.0035004332100000003,0.0012000000500000001,0.00025
202,0.0035004332100000003,0.00104999995,0.00025
203,0.0035004332100000003,0.000899999976,0.00025
204,0.0035004332100000003,0.00075,0.00025
205,0.0035004332100000003,0.000600000024,0.00025
206,0.0035004332100000003,0.000449999988,0.00025
207,0.0035004332100000003,0.000300000012,0.00025
208,0.0035004332100000003,0.000150000006,0.00025
209,0.0035004332100000003,0.0,0.00025
210,0.0035004332100000003,0.0015,0.000125
211,0.00350043297,0.00135000002,0.000125
212,0.00350043297,0.0012000000500000001,0.000125
213,0.0035004332100000003,0.00104999995,0.000125
214,0.0035004332100000003,0.000899999976,0.000125
215,0.0035004332100000003,0.00075,0.000125
216,0.0035004332100000003,0.000600000024,0.000125
217,0.0035004332100000003,0.000449999988,0.000125
218,0.0035004332100000003,0.000300000012,0.000125
219,0.0035004332100000003,0.000150000006,0.000125
220,0.0035004332100000003,0.0,0.000125
221,0.0035004332100000003,0.0015,0.0
222,0.0035004332100000003,0.00135000002,0.0
223,0.0035004332100000003,0.0012000000500000001,0.0
224,0.0035004332100000003,0.00104999995,0.0
225,0.0035004332100000003,0.000899999976,0.0
226,0.0035004332100000003,0.00075,0.0
227,0.0035004332100000003,0.000600000024,0.0
228,0.0035004332100000003,0.000449999988,0.0
229,0.0035004332100000003,0.000300000012,0.0
230,0.0035004332100000003,0.000150000006,0.0
231,0.0035004332100000003,0.0,0.0
232,0.00325043321,0.0015,0.00025
233,0.00325043321,0.00135000002,0.00025
234,0.00325043321,0.0012000000500000001,0.00025
235,0.00325043321,0.00104999995,0.00025
236,0.00325043321,0.000899999976,0.00025
237,0.00325043321,0.00075,0.00025
238,0.00325043321,0.000600000024,0.00025
239,0.00325043321,0.000449999988,0.00025
240,0.00325043321,0.000300000012,0.00025
241,0.00325043321,0.000150000006,0.00025
242,0.00325043321,0.0,0.00025
243,0.00325043321,0.0015,0.000125
244,0.0032504329699999997,0.00135000002,0.000125
245,0.0032504329699999997,0.0012000000500000001,0.000125
246,0.00325043321,0.00104999995,0.000125
247,0.00325043321,0.000899999976,0.000125
248,0.00325043321,0.00075,0.000125
249,0.00325043321,0.000600000024,0.000125
250,0.00325043321,0.000449999988,0.000125
251,0.00325043321,0.000300000012,0.000125
252,0.00325043321,0.000150000006,0.000125
253,0.00325043321,0.0,0.000125
254,0.00325043321,0.0015,0.0
255,0.00325043321,0.00135000002,0.0
256,0.00325043321,0.0012000000500000001,0.0
257,0.00325043321,0.00104999995,0.0
258,0.00325043321,0.000899999976,0.0
259,0.00325043321,0.00075,0.0
260,0.00325043321,0.000600000024,0.0
261,0.00325043321,0.000449999988,0.0
262,0.00325043321,0.000300000012,0.0
263,0.00325043321,0.000150000006,0.0
264,0.00325043321,0.0,0.0
265,0.0030004332100000003,0.0015,0.00025
266,0.0030004332100000003,0.00135000002,0.00025
267,0.0030004332100000003,0.0012000000500000001,0.00025
268,0.0030004332100000003,0.00104999995,0.00025
269,0.0030004332100000003,0.000899999976,0.00025
270,0.0030004332100000003,0.00075,0.00025
271,0.0030004332100000003,0.000600000024,0.00025
272,0.0030004332100000003,0.000449999988,0.00025
273,0.0030004332100000003,0.000300000012,0.00025
274,0.0030004332100000003,0.000150000006,0.00025
275,0.0030004332100000003,0.0,0.00025
276,0.0030004332100000003,0.0015,0.000125
277,0.00300043297,0.00135000002,0.000125
278,0.0030004332100000003,0.0012000000500000001,0.000125
279,0.0030004332100000003,0.00104999995,0.000125
280,0.0030004332100000003,0.000899999976,0.000125
281,0.0030004332100000003,0.00075,0.000125
282,0.0030004332100000003,0.000600000024,0.000125
283,0.0030004332100000003,0.000449999988,0.000125
284,0.0030004332100000003,0.000300000012,0.000125
285,0.0030004332100000003,0.000150000006,0.000125
286,0.0030004332100000003,0.0,0.000125
287,0.0030004332100000003,0.0015,0.0
288,0.0030004332100000003,0.00135000002,0.0
289,0.0030004332100000003,0.0012000000500000001,0.0
290,0.0030004332100000003,0.00104999995,0.0
291,0.0030004332100000003,0.000899999976,0.0
292,0.0030004332100000003,0.00075,0.0
293,0.0030004332100000003,0.000600000024,0.0
294,0.0030004332100000003,0.000449999988,0.0
295,0.0030004332100000003,0.000300000012,0.0
296,0.0030004332100000003,0.000150000006,0.0
297,0.0030004332100000003,0.0,0.0
298,0.00275043321,0.0015,0.00025
299,0.00275043321,0.00135000002,0.00025
300,0.00275043321,0.0012000000500000001,0.00025
301,0.00275043321,0.00104999995,0.00025
302,0.00275043321,0.000899999976,0.00025
303,0.00275043321,0.00075,0.00025
304,0.00275043321,0.000600000024,0.00025
305,0.00275043321,0.000449999988,0.00025
306,0.00275043321,0.000300000012,0.00025
307,0.00275043321,0.000150000006,0.00025
308,0.00275043321,0.0,0.00025
309,0.00275043321,0.0015,0.000125
310,0.00275043321,0.00135000002,0.000125
311,0.00275043321,0.0012000000500000001,0.000125
312,0.00275043321,0.00104999995,0.000125
313,0.00275043321,0.000899999976,0.000125
314,0.00275043321,0.00075,0.000125
315,0.00275043321,0.000600000024,0.000125
316,0.00275043321,0.000449999988,0.000125
317,0.00275043321,0.000300000012,0.000125
318,0.00275043321,0.000150000006,0.000125
319,0.00275043321,0.0,0.000125
320,0.00275043321,0.0015,0.0
321,0.00275043321,0.00135000002,0.0
322,0.00275043321,0.0012000000500000001,0.0
323,0.00275043321,0.00104999995,0.0
324,0.00275043321,0.000899999976,0.0
325,0.00275043321,0.00075,0.0
326,0.00275043321,0.000600000024,0.0
327,0.00275043321,0.000449999988,0.0
328,0.00275043321,0.000300000012,0.0
329,0.00275043321,0.000150000006,0.0
330,0.00275043321,0.0,0.0
331,0.0025004332100000003,0.0015,0.00025
332,0.0025004332100000003,0.00135000002,0.00025
333,0.0025004332100000003,0.0012000000500000001,0.00025
334,0.0025004332100000003,0.00104999995,0.00025
335,0.0025004332100000003,0.000899999976,0.00025
336,0.0025004332100000003,0.00075,0.00025
337,0.0025004332100000003,0.000600000024,0.00025
338,0.0025004332100000003,0.000449999988,0.00025
339,0.0025004332100000003,0.000300000012,0.00025
340,0.0025004332100000003,0.000150000006,0.00025
341,0.0025004332100000003,0.0,0.00025
342,0.0025004332100000003,0.0015,0.000125
343,0.0025004332100000003,0.00135000002,0.000125
344,0.0025004332100000003,0.0012000000500000001,0.000125
345,0.0025004332100000003,0.00104999995,0.000125
346,0.0025004332100000003,0.000899999976,0.000125
347,0.0025004332100000003,0.00075,0.000125
348,0.0025004332100000003,0.000600000024,0.000125
349,0.0025004332100000003,0.000449999988,0.000125
350,0.0025004332100000003,0.000300000012,0.000125
351,0.0025004332100000003,0.000150000006,0.000125
352,0.0025004332100000003,0.0,0.000125
353,0.0025004332100000003,0.0015,0.0
354,0.0025004332100000003,0.00135000002,0.0
355,0.0025004332100000003,0.0012000000500000001,0.0
356,0.0025004332100000003,0.00104999995,0.0
357,0.0025004332100000003,0.000899999976,0.0
358,0.0025004332100000003,0.00075,0.0
359,0.0025004332100000003,0.000600000024,0.0
360,0.0025004332100000003,0.000449999988,0.0
361,0.0025004332100000003,0.000300000012,0.0
362,0.0025004332100000003,0.000150000006,0.0
363,0.0025004332100000003,0.0,0.0
364,0.00225043321,0.0015,0.00025
365,0.00225043321,0.00135000002,0.00025
366,0.00225043321,0.0012000000500000001,0.00025
367,0.00225043321,0.00104999995,0.00025
368,0.00225043321,0.000899999976,0.00025
369,0.00225043321,0.00075,0.00025
370,0.00225043321,0.000600000024,0.00025
371,0.00225043321,0.000449999988,0.00025
372,0.00225043321,0.000300000012,0.00025
373,0.00225043321,0.000150000006,0.00025
374,0.00225043321,0.0,0.00025
375,0.00225043321,0.0015,0.000125
376,0.00225043321,0.00135000002,0.000125
377,0.00225043321,0.0012000000500000001,0.000125
378,0.00225043321,0.00104999995,0.000125
379,0.00225043321,0.000899999976,0.000125
380,0.00225043321,0.00075,0.000125
381,0.00225043321,0.000600000024,0.000125
382,0.00225043321,0.000449999988,0.000125
383,0.00225043321,0.000300000012,0.000125
384,0.00225043321,0.000150000006,0.000125
385,0.00225043321,0.0,0.000125
386,0.00225043321,0.0015,0.0
387,0.00225043321,0.00135000002,0.0
388,0.00225043321,0.0012000000500000001,0.0
389,0.00225043321,0.00104999995,0.0
390,0.00225043321,0.000899999976,0.0
391,0.00225043321,0.00075,0.0
392,0.00225043321,0.000600000024,0.0
393,0.00225043321,0.000449999988,0.0
394,0.00225043321,0.000300000012,0.0
395,0.00225043321,0.000150000006,0.0
396,0.00225043321,0.0,0.0
397,0.0020004332100000003,0.0015,0.00025
398,0.0020004332100000003,0.00135000002,0.00025
399,0.0020004332100000003,0.0012000000500000001,0.00025
400,0.0020004332100000003,0.00104999995,0.00025
401,0.0020004332100000003,0.000899999976,0.00025
402,0.0020004332100000003,0.00075,0.00025
403,0.0020004332100000003,0.000600000024,0.00025
404,0.0020004332100000003,0.000449999988,0.00025
405,0.0020004332100000003,0.000300000012,0.00025
406,0.0020004332100000003,0.000150000006,0.00025
407,0.0020004332100000003,0.0,0.00025
408,0.0020004332100000003,0.0015,0.000125
409,0.0020004332100000003,0.00135000002,0.000125
410,0.0020004332100000003,0.0012000000500000001,0.000125
411,0.0020004332100000003,0.00104999995,0.000125
412,0.0020004332100000003,0.000899999976,0.000125
413,0.0020004332100000003,0.00075,0.000125
414,0.0020004332100000003,0.000600000024,0.000125
415,0.0020004332100000003,0.000449999988,0.000125
416,0.0020004332100000003,0.000300000012,0.000125
417,0.0020004332100000003,0.000150000006,0.000125
418,0.0020004332100000003,0.0,0.000125
419,0.0020004332100000003,0.0015,0.0
420,0.0020004332100000003,0.00135000002,0.0
421,0.0020004332100000003,0.0012000000500000001,0.0
422,0.0020004332100000003,0.00104999995,0.0
423,0.0020004332100000003,0.000899999976,0.0
424,0.0020004332100000003,0.00075,0.0
425,0.0020004332100000003,0.000600000024,0.0
426,0.0020004332100000003,0.000449999988,0.0
427,0.0020004332100000003,0.000300000012,0.0
428,0.0020004332100000003,0.000150000006,0.0
429,0.0020004332100000003,0.0,0.0
430,0.00175043321,0.0015,0.00025
431,0.00175043321,0.00135000002,0.00025
432,0.00175043321,0.0012000000500000001,0.00025
433,0.00175043321,0.00104999995,0.00025
434,0.00175043321,0.000899999976,0.00025
435,0.00175043321,0.00075,0.00025
436,0.00175043321,0.000600000024,0.00025
437,0.00175043321,0.000449999988,0.00025
438,0.00175043321,0.000300000012,0.00025
439,0.00175043321,0.000150000006,0.00025
440,0.00175043321,0.0,0.00025
441,0.00175043321,0.0015,0.000125
442,0.00175043309,0.00135000002,0.000125
443,0.00175043309,0.0012000000500000001,0.000125
444,0.00175043321,0.00104999995,0.000125
445,0.00175043321,0.000899999976,0.000125
446,0.00175043321,0.00075,0.000125
447,0.00175043321,0.000600000024,0.000125
448,0.00175043321,0.000449999988,0.000125
449,0.00175043321,0.000300000012,0.000125
450,0.00175043321,0.000150000006,0.000125
451,0.00175043321,0.0,0.000125
452,0.00175043321,0.0015,0.0
453,0.00175043321,0.00135000002,0.0
454,0.00175043321,0.0012000000500000001,0.0
455,0.00175043321,0.00104999995,0.0
456,0.00175043321,0.000899999976,0.0
457,0.00175043321,0.00075,0.0
458,0.00175043321,0.000600000024,0.0
459,0.00175043321,0.000449999988,0.0
460,0.00175043321,0.000300000012,0.0
461,0.00175043321,0.000150000006,0.0
462,0.00175043321,0.0,0.0
463,0.00150043321,0.0015,0.00025
464,0.00150043321,0.00135000002,0.00025
465,0.00150043321,0.0012000000500000001,0.00025
466,0.00150043321,0.00104999995,0.00025
467,0.00150043321,0.000899999976,0.00025
468,0.00150043321,0.00075,0.00025
469,0.00150043321,0.000600000024,0.00025
470,0.00150043321,0.000449999988,0.00025
471,0.00150043321,0.000300000012,0.00025
472,0.00150043321,0.000150000006,0.00025
473,0.00150043321,0.0,0.00025
474,0.00150043321,0.0015,0.000125
475,0.00150043309,0.00135000002,0.000125
476,0.00150043321,0.0012000000500000001,0.000125
477,0.00150043321,0.00104999995,0.000125
478,0.00150043321,0.000899999976,0.000125
479,0.00150043321,0.00075,0.000125
480,0.00150043321,0.000600000024,0.000125
481,0.00150043321,0.000449999988,0.000125
482,0.00150043321,0.000300000012,0.000125
483,0.00150043321,0.000150000006,0.000125
484,0.00150043321,0.0,0.000125
485,0.00150043321,0.0015,0.0
486,0.00150043321,0.00135000002,0.0
487,0.00150043321,0.0012000000500000001,0.0
488,0.00150043321,0.00104999995,0.0
489,0.00150043321,0.000899999976,0.0
490,0.00150043321,0.00075,0.0
491,0.00150043321,0.000600000024,0.0
492,0.00150043321,0.000449999988,0.0
493,0.00150043321,0.000300000012,0.0
494,0.00150043321,0.000150000006,0.0
495,0.00150043321,0.0,0.0
496,0.00125043321,0.0015,0.00025
497,0.00125043321,0.00135000002,0.00025
498,0.00125043321,0.0012000000500000001,0.00025
499,0.00125043321,0.00104999995,0.00025
500,0.00125043321,0.000899999976,0.00025
501,0.00125043321,0.00075,0.00025
502,0.00125043321,0.000600000024,0.00025
503,0.00125043321,0.000449999988,0.00025
504,0.00125043321,0.000300000012,0.00025
505,0.00125043321,0.000150000006,0.00025
506,0.00125043321,0.0,0.00025
507,0.00125043321,0.0015,0.000125
508,0.00125043321,0.00135000002,0.000125
509,0.00125043321,0.0012000000500000001,0.000125
510,0.00125043321,0.00104999995,0.000125
511,0.00125043321,0.000899999976,0.000125
512,0.00125043321,0.00075,0.000125
513,0.00125043321,0.000600000024,0.000125
514,0.00125043321,0.000449999988,0.000125
515,0.00125043321,0.000300000012,0.000125
516,0.00125043321,0.000150000006,0.000125
517,0.00125043321,0.0,0.000125
518,0.00125043321,0.0015,0.0
519,0.00125043321,0.00135000002,0.0
520,0.00125043321,0.0012000000500000001,0.0
521,0.00125043321,0.00104999995,0.0
522,0.00125043321,0.000899999976,0.0
523,0.00125043321,0.00075,0.0
524,0.00125043321,0.000600000024,0.0
525,0.00125043321,0.000449999988,0.0
526,0.00125043321,0.000300000012,0.0
527,0.00125043321,0.000150000006,0.0
528,0.00125043321,0.0,0.0
529,0.00100043321,0.0015,0.00025
530,0.00100043321,0.00135000002,0.00025
531,0.00100043321,0.0012000000500000001,0.00025
532,0.00100043321,0.00104999995,0.00025
533,0.00100043321,0.000899999976,0.00025
534,0.00100043321,0.00075,0.00025
535,0.00100043321,0.000600000024,0.00025
536,0.00100043321,0.000449999988,0.00025
537,0.00100043321,0.000300000012,0.00025
538,0.00100043321,0.000150000006,0.00025
539,0.00100043321,0.0,0.00025
540,0.00100043321,0.0015,0.000125
541,0.00100043321,0.00135000002,0.000125
542,0.00100043321,0.0012000000500000001,0.000125
543,0.00100043321,0.00104999995,0.000125
544,0.00100043321,0.000899999976,0.000125
545,0.00100043321,0.00075,0.000125
546,0.00100043321,0.000600000024,0.000125
547,0.00100043321,0.000449999988,0.000125
548,0.00100043321,0.000300000012,0.000125
549,0.00100043321,0.000150000006,0.000125
550,0.00100043321,0.0,0.000125
551,0.00100043321,0.0015,0.0
552,0.00100043321,0.00135000002,0.0
553,0.00100043321,0.0012000000500000001,0.0
554,0.00100043321,0.00104999995,0.0
555,0.00100043321,0.000899999976,0.0
556,0.00100043321,0.00075,0.0
557,0.00100043321,0.000600000024,0.0
558,0.00100043321,0.000449999988,0.0
559,0.00100043321,0.000300000012,0.0
560,0.00100043321,0.000150000006,0.0
561,0.00100043321,0.0,0.0
562,0.000750433207,0.0015,0.00025
563,0.000750433207,0.00135000002,0.00025
564,0.000750433207,0.0012000000500000001,0.00025
565,0.000750433207,0.00104999995,0.00025
566,0.000750433207,0.000899999976,0.00025
567,0.000750433207,0.00075,0.00025
568,0.000750433207,0.000600000024,0.00025
569,0.000750433207,0.000449999988,0.00025
570,0.000750433207,0.000300000012,0.00025
571,0.000750433207,0.000150000006,0.00025
572,0.000750433207,0.0,0.00025
573,0.000750433207,0.0015,0.000125
574,0.0007504331470000001,0.00135000002,0.000125
575,0.000750433207,0.0012000000500000001,0.000125
576,0.000750433207,0.00104999995,0.000125
577,0.000750433207,0.000899999976,0.000125
578,0.000750433207,0.00075,0.000125
579,0.000750433207,0.000600000024,0.000125
580,0.000750433207,0.000449999988,0.000125
581,0.000750433207,0.000300000012,0.000125
582,0.000750433207,0.000150000006,0.000125
583,0.000750433207,0.0,0.000125
584,0.000750433207,0.0015,0.0
585,0.000750433207,0.00135000002,0.0
586,0.000750433207,0.0012000000500000001,0.0
587,0.000750433207,0.00104999995,0.0
588,0.000750433207,0.000899999976,0.0
589,0.000750433207,0.00075,0.0
590,0.000750433207,0.000600000024,0.0
591,0.000750433207,0.000449999988,0.0
592,0.000750433207,0.000300000012,0.0
593,0.000750433207,0.000150000006,0.0
594,0.000750433207,0.0,0.0
595,0.000500433207,0.0015,0.00025
596,0.000500433207,0.00135000002,0.00025
597,0.000500433207,0.0012000000500000001,0.00025
598,0.000500433207,0.00104999995,0.00025
599,0.000500433207,0.000899999976,0.00025
600,0.000500433207,0.00075,0.00025
601,0.000500433207,0.000600000024,0.00025
602,0.000500433207,0.000449999988,0.00025
603,0.000500433207,0.000300000012,0.00025
604,0.000500433207,0.000150000006,0.00025
605,0.000500433207,0.0,0.00025
606,0.000500433207,0.0015,0.000125
607,0.000500433207,0.00135000002,0.000125
608,0.000500433207,0.0012000000500000001,0.000125
609,0.000500433207,0.00104999995,0.000125
610,0.000500433207,0.000899999976,0.000125
611,0.000500433207,0.00075,0.000125
612,0.000500433207,0.000600000024,0.000125
613,0.000500433207,0.000449999988,0.000125
614,0.000500433207,0.000300000012,0.000125
615,0.000500433207,0.000150000006,0.000125
616,0.000500433207,0.0,0.000125
617,0.000500433207,0.0015,0.0
618,0.000500433207,0.00135000002,0.0
619,0.000500433207,0.0012000000500000001,0.0
620,0.000500433207,0.00104999995,0.0
621,0.000500433207,0.000899999976,0.0
622,0.000500433207,0.00075,0.0
623,0.000500433207,0.000600000024,0.0
624,0.000500433207,0.000449999988,0.0
625,0.000500433207,0.000300000012,0.0
626,0.000500433207,0.000150000006,0.0
627,0.000500433207,0.0,0.0
628,0.000250433207,0.0015,0.00025
629,0.000250433207,0.00135000002,0.00025
630,0.000250433207,0.0012000000500000001,0.00025
631,0.000250433207,0.00104999995,0.00025
632,0.000250433207,0.000899999976,0.00025
633,0.000250433207,0.00075,0.00025
634,0.000250433207,0.000600000024,0.00025
635,0.000250433207,0.000449999988,0.00025
636,0.000250433207,0.000300000012,0.00025
637,0.000250433207,0.000150000006,0.00025
638,0.000250433207,0.0,0.00025
639,0.000250433207,0.0015,0.000125
640,0.000250433207,0.00135000002,0.000125
641,0.000250433207,0.0012000000500000001,0.000125
642,0.000250433207,0.00104999995,0.000125
643,0.000250433207,0.000899999976,0.000125
644,0.000250433207,0.00075,0.000125
645,0.000250433207,0.000600000024,0.000125
646,0.000250433207,0.000449999988,0.000125
647,0.000250433207,0.000300000012,0.000125
648,0.000250433207,0.000150000006,0.000125
649,0.000250433207,0.0,0.000125
650,0.000250433207,0.0015,0.0
651,0.000250433207,0.00135000002,0.0
652,0.000250433207,0.0012000000500000001,0.0
653,0.000250433207,0.00104999995,0.0
654,0.000250433207,0.000899999976,0.0
655,0.000250433207,0.00075,0.0
656,0.000250433207,0.000600000024,0.0
657,0.000250433207,0.000449999988,0.0
658,0.000250433207,0.000300000012,0.0
659,0.000250433207,0.000150000006,0.0
660,0.000250433207,0.0,0.0
661,4.33206558e-07,0.0015,0.00025
662,4.33206558e-07,0.00135000002,0.00025
663,4.33206558e-07,0.0012000000500000001,0.00025
664,4.33206558e-07,0.00104999995,0.00025
665,4.33206558e-07,0.000899999976,0.00025
666,4.33206558e-07,0.00075,0.00025
667,4.33206558e-07,0.000600000024,0.00025
668,4.33206558e-07,0.000449999988,0.00025
669,4.33206558e-07,0.000300000012,0.00025
670,4.33206558e-07,0.000150000006,0.00025
671,4.33206558e-07,0.0,0.00025
672,4.33206558e-07,0.0015,0.000125
673,4.33206558e-07,0.00135000002,0.000125
674,4.33206558e-07,0.0012000000500000001,0.000125
675,4.33206558e-07,0.00104999995,0.000125
676,4.33206558e-07,0.000899999976,0.000125
677,4.33206558e-07,0.00075,0.000125
678,4.33206558e-07,0.000600000024,0.000125
679,4.33206558e-07,0.000449999988,0.000125
680,4.33206558e-07,0.000300000012,0.000125
681,4.33206558e-07,0.000150000006,0.000125
682,4.33206558e-07,0.0,0.000125
683,4.33206558e-07,0.0015,0.0
684,4.33206558e-07,0.00135000002,0.0
685,4.33206558e-07,0.0012000000500000001,0.0
686,4.33206558e-07,0.00104999995,0.0
687,4.33206558e-07,0.000899999976,0.0
688,4.33206558e-07,0.00075,0.0
689,4.33206558e-07,0.000600000024,0.0
690,4.33206558e-07,0.000449999988,0.0
691,4.33206558e-07,0.000300000012,0.0
692,4.33206558e-07,0.000150000006,0.0
693,4.33206558e-07,0.0,0.0
